product_id,category,sub_category,product_name,base_price
P0001,Electronics,Smartphone,Smartphone O81,1060
P0002,Electronics,Laptop,Laptop U92,3972
P0003,Electronics,Headphones,Headphones K97,4626
P0004,Electronics,Smartwatch,Smartwatch D33,3644
P0005,Electronics,Camera,Camera V62,330
P0006,Electronics,Tablet,Tablet X39,969
P0007,Home & Kitchen,Blender,Blender U42,2633
P0008,Home & Kitchen,Microwave,Microwave Z31,4755
P0009,Home & Kitchen,Vacuum Cleaner,Vacuum Cleaner Q68,3104
P0010,Home & Kitchen,Air Purifier,Air Purifier J69,2758
P0011,Home & Kitchen,Water Purifier,Water Purifier O71,1175
P0012,Home & Kitchen,Coffee Maker,Coffee Maker S64,2934
P0013,Fashion,T-Shirt,T-Shirt Y12,1467
P0014,Fashion,Jeans,Jeans S16,3756
P0015,Fashion,Sneakers,Sneakers G27,3088
P0016,Fashion,Jacket,Jacket Y69,2635
P0017,Fashion,Sunglasses,Sunglasses R18,2261
P0018,Fashion,Handbag,Handbag B93,2812
P0019,Beauty & Personal Care,Moisturizer,Moisturizer L17,1678
P0020,Beauty & Personal Care,Shampoo,Shampoo C87,4214
P0021,Beauty & Personal Care,Perfume,Perfume D59,3352
P0022,Beauty & Personal Care,Trimmer,Trimmer D11,4143
P0023,Beauty & Personal Care,Hair Dryer,Hair Dryer F63,1221
P0024,Beauty & Personal Care,Face Wash,Face Wash V72,4043
P0025,Grocery,Rice 5kg,Rice 5kg J71,361
P0026,Grocery,Olive Oil 1L,Olive Oil 1L N57,1195
P0027,Grocery,Almonds 500g,Almonds 500g H87,3542
P0028,Grocery,Green Tea,Green Tea Y71,3998
P0029,Grocery,Honey 500g,Honey 500g O62,537
P0030,Grocery,Oats 1kg,Oats 1kg Y69,4193
